blues,00000,1784.4204464946633,3806.4853160373937,0.08306639113293343,123.046875
blues,00001,1529.8353159300755,3548.8202074363876,0.056044256724071206,107.666015625
blues,00002,1552.4819582458863,3040.514947755418,0.07630074799245357,161.4990234375
blues,00003,1070.1199533246056,2185.028454098539,0.03330894446594427,172.265625
blues,00004,1835.4946028033319,3580.945013182082,0.1015001421004257,135.99917763157896
blues,00005,1831.9423675966689,3480.9372845818016,0.09403986975135449,112.34714673913044
blues,00006,1459.0784827344287,2795.6164286232583,0.07302790308146284,123.046875
blues,00007,1451.7541466600387,2955.348796076819,0.06143500266060371,92.28515625
blues,00008,1719.2131626636947,3781.318801549197,0.06402757957623839,83.35433467741936
blues,00009,1817.5163862399386,3944.451148443547,0.0792153184258901,129.19921875
blues,00010,1410.4690961427957,2767.2749333337365,0.06298072271671827,161.4990234375
blues,00011,1353.2604615658556,2882.224238251016,0.04395891785990712,161.4990234375
blues,00012,1361.045467327888,2739.6251005284926,0.06912392064144737,92.28515625
blues,00013,1324.3043562121861,2710.033612797504,0.051417300575657895,107.666015625
blues,00014,1172.0656952451861,2344.952487059791,0.045045834945820436,151.99908088235293
blues,00015,1420.529293495708,2930.540612755176,0.0637176797116873,99.38401442307692
blues,00016,1455.0016722776375,3009.856799807711,0.061350725014512386,103.359375
blues,00017,1088.6981660809784,2134.41209350208,0.04832397083010836,161.4990234375
blues,00018,1537.6571825463043,3495.653862259336,0.056131935710139316,83.35433467741936
blues,00019,1195.4116396780203,2234.878152664232,0.05887114817143963,123.046875
blues,00020,1389.9555104108995,3005.773491165586,0.05256015080785604,135.99917763157896
blues,00021,1046.748840021369,1830.7889294698143,0.04793735185274768,99.38401442307692
blues,00022,1156.070496382047,2170.053544649768,0.05861340218653251,99.38401442307692
blues,00023,1210.1979170105503,2522.1014158644543,0.052482675841718264,95.703125
blues,00024,1120.3876188758716,2325.1026070892995,0.047297899937113,103.359375
blues,00025,1109.5696272816494,2243.569766773897,0.05172493288022446,92.28515625
blues,00026,1198.6076653608025,2478.3766802619484,0.051987591911764705,83.35433467741936
blues,00027,1391.367709556042,2811.108001614503,0.07235897288602941,95.703125
blues,00028,1115.7291159941328,2290.444483328899,0.04802843217879257,103.359375
blues,00029,1649.2937714648365,3761.42725516399,0.05292636174535604,129.19921875
blues,00030,1379.0817422026958,3015.831763677922,0.03937580120452786,143.5546875
blues,00031,1331.0739701050652,2900.174129710478,0.04296723829334365,151.99908088235293
blues,00032,1309.4245640139256,2764.099952532411,0.03939318583107585,123.046875
blues,00033,1430.5820034726314,3246.730367465654,0.04196988982681889,151.99908088235293
blues,00034,1536.7830758847115,3601.0282250749806,0.04570040392801858,129.19921875
blues,00035,1506.9793924502912,3404.796078330592,0.045430186363196595,129.19921875
blues,00036,1247.2448150487867,2620.5924869690884,0.03690378289473684,151.99908088235293
blues,00037,1188.1683365997978,2339.635852542086,0.04816032858455882,123.046875
blues,00038,1513.4221069919358,3449.6791402621902,0.044378038530379256,129.19921875
blues,00039,1151.3404409523787,2312.577682825803,0.03533878857875387,117.45383522727273
blues,00040,2272.495078762922,5108.319110693208,0.09765700585332818,117.45383522727273
blues,00041,2390.772194471327,5403.783990724168,0.10228887504837461,129.19921875
blues,00042,2302.113047248994,5188.551958869485,0.09786448759191177,89.10290948275862
blues,00043,2155.6549226375455,5012.019693002612,0.08716538373161764,129.19921875
blues,00044,2279.124557649563,5198.360232893528,0.09257049088138544,135.99917763157896
blues,00045,1739.0196209456462,4551.155813116777,0.048051863631965945,129.19921875
blues,00046,1912.506881317534,4776.86278163095,0.05842595056114551,123.046875
blues,00047,2013.3824371007638,4849.49567576311,0.07534497145897832,151.99908088235293
blues,00048,2148.786199092123,4673.6634056634575,0.09881232766544118,123.046875
blues,00049,1318.6568216818673,3046.6815771333204,0.03997292533378483,123.046875
blues,00050,1945.8484252463334,4175.874749056695,0.08580598152089783,135.99917763157896
blues,00051,1977.1723772350394,3942.834491552583,0.1066270952254257,99.38401442307692
blues,00052,1443.2652853188029,3069.356440021527,0.06719384916795666,151.99908088235293
blues,00053,2171.221741738743,4237.132711971507,0.13280229598006965,103.359375
blues,00054,2030.4852237516182,4062.942098611649,0.10338599615421827,92.28515625
blues,00055,2032.0949869239075,4023.5256702907313,0.11316673822078173,135.99917763157896
blues,00056,1811.0760835832946,3927.8095824061534,0.07547951335139319,161.4990234375
blues,00057,1886.683619275633,3828.101851991825,0.08992387045278638,92.28515625
blues,00058,2068.3711246841767,4231.499412701964,0.10437162889415634,107.666015625
blues,00059,2235.906951442543,4390.031787411716,0.14228825524864552,107.666015625
blues,00060,1946.5656516997744,3955.8677460756094,0.09745368130804953,151.99908088235293
blues,00061,2504.026852302045,5077.1526324859715,0.16758439858262383,129.19921875
blues,00062,2279.8954527175774,4732.338050865906,0.11714895148026316,112.34714673913044
blues,00063,2839.4531193329985,5711.257131476152,0.15435583155959753,92.28515625
blues,00064,2553.2324147739323,5148.102203463623,0.14685171971749225,151.99908088235293
blues,00065,2816.676938173266,5614.4493835260255,0.14631846519446595,107.666015625
blues,00066,2340.432873382551,4972.503265286377,0.1217751517753483,161.4990234375
blues,00067,2258.538418665696,4755.429577901267,0.11276500217685759,161.4990234375
blues,00068,2513.716817329612,5247.443269428454,0.13514619715073528,161.4990234375
blues,00069,2371.099277792781,5004.1114074895995,0.12514096664570434,123.046875
blues,00070,2159.5466535253163,4685.046670163748,0.0983489895752709,143.5546875
blues,00071,2429.2609341606344,5065.0277058037445,0.13468663832720587,143.5546875
blues,00072,2595.5380060987645,5660.407438957285,0.12924562814434984,103.359375
blues,00073,2094.919419623132,4482.4478952508225,0.10056968665344428,99.38401442307692
blues,00074,2515.864860951187,5771.631766398994,0.12091612446787926,112.34714673913044
blues,00075,2225.216647159957,4703.188227130901,0.10858664497871517,117.45383522727273
blues,00076,2645.6816610382457,5612.507728600281,0.1364685625483746,117.45383522727273
blues,00077,2206.7712464152564,4657.388504075561,0.11152578064531733,99.38401442307692
blues,00078,2333.685107801082,4942.811778160071,0.12386319659442724,123.046875
blues,00079,2443.2982076738144,5267.60148086784,0.12473545133513932,161.4990234375
blues,00080,1827.1480357085582,3743.6190295145607,0.09403873597136223,117.45383522727273
blues,00081,2116.9429590051586,4196.10796004257,0.12727247303115324,103.359375
blues,00082,2141.4616556443475,4627.997015135207,0.10515129160216719,123.046875
blues,00083,2314.748478923844,5036.169546971749,0.11795053393479102,135.99917763157896
blues,00084,2061.1507350613706,4221.149475286619,0.11339689555921052,112.34714673913044
blues,00085,1312.3081994305708,2638.117380998452,0.059416496347716716,143.5546875
blues,00086,1245.6093950200716,2517.6847759046054,0.04882661329334365,123.046875
blues,00087,1442.190270579292,3083.4146883465555,0.050889337025928794,172.265625
blues,00088,1006.7589621973704,2074.679121365857,0.03206556574109907,172.265625
blues,00089,798.2661855621578,1453.8828752358263,0.025639678671633127,107.666015625
blues,00090,1613.3157252262965,3470.4040149417087,0.058235853449109906,143.5546875
blues,00091,991.1644174915215,1943.1215835429566,0.03605269204721362,123.046875
blues,00092,918.4054526566979,1599.673660325561,0.03231802075270898,83.35433467741936
blues,00093,569.9307210492512,927.4277253047601,0.021700549051857584,143.5546875
blues,00094,1239.3372282343373,2517.6181096410605,0.05090785543246904,103.359375
blues,00095,1388.39474862631,2754.525010430776,0.05714742465654025,135.99917763157896
blues,00096,1132.3406288744395,2065.4791769966623,0.048313766810178016,123.046875
blues,00097,1236.574280127488,2604.15091972233,0.04462595842202012,117.45383522727273
blues,00098,2310.280604027964,4829.320797757837,0.12842590520994582,123.046875
blues,00099,1538.8173375009883,3175.272466228473,0.07479924535603716,92.28515625
classical,00000,1505.2990118015814,2717.0085706208883,0.09824505974264706,95.703125
classical,00001,1360.4083538769614,2387.2188981472523,0.0877715781008127,117.45383522727273
classical,00002,1490.0348101512677,2784.9164933243032,0.09004972003192724,99.38401442307692
classical,00003,1526.6470666771077,2915.9740341706174,0.10895172213622291,135.99917763157896
classical,00004,1705.7046109371424,3175.7391300732875,0.1128666644494969,107.666015625
classical,00005,1431.4275607948398,2836.6578471180824,0.07523877406636997,143.5546875
classical,00006,1372.825806692258,2737.933444091041,0.07292321739551083,103.359375
classical,00007,1358.918358314813,2667.9005342371324,0.07314694998065016,107.666015625
classical,00008,1516.6262193385692,2973.7820179469813,0.07878788336880804,135.99917763157896
classical,00009,1216.2937624027388,2560.2595184609618,0.05627025686919505,129.19921875
classical,00010,1497.196639303261,2868.1493233601004,0.08621640987809598,103.359375
classical,00011,949.4608319703761,1695.881411903783,0.06072601223877709,151.99908088235293
classical,00012,1179.9086542698358,2153.69531023244,0.06593875471652477,123.046875
classical,00013,1388.0349951135438,2598.7509523751937,0.08088953354779412,129.19921875
classical,00014,1279.6145776785584,2389.5022176736647,0.0684731309258901,143.5546875
classical,00015,1371.5609989669474,2620.2841555001937,0.07575237640286378,123.046875
classical,00016,1054.4895874737008,1947.038226526219,0.04766448880127709,99.38401442307692
classical,00017,1358.8979027398573,2417.5937144748937,0.08111553369291796,117.45383522727273
classical,00018,1157.8898583070984,2181.97847254136,0.07066888484423374,129.19921875
classical,00019,1184.632142061296,2289.4528226586685,0.057591488486842105,123.046875
classical,00020,1218.2905079495238,2295.177788040586,0.0698128809500774,143.5546875
classical,00021,1371.2835660918868,2570.001126221459,0.07956679022349071,135.99917763157896
classical,00022,1211.199951983002,2237.361470981279,0.06844629813273993,107.666015625
classical,00023,983.6863867166007,1852.513798102506,0.044227245791408666,117.45383522727273
classical,00024,1253.174115939843,2292.91113508006,0.07164771490421827,151.99908088235293
classical,00025,1184.0803873157924,2139.1787313455397,0.068293993687113,129.19921875
classical,00026,1278.6010872598476,2233.269829056211,0.08174818292859908,151.99908088235293
classical,00027,901.8344805273017,1456.6661917388255,0.05344941224845201,129.19921875
classical,00028,1313.6988926998818,2397.0521720201236,0.08109777113970588,151.99908088235293
classical,00029,1558.8139525993834,2922.0656640020316,0.09221523981714397,135.99917763157896
classical,00030,1243.7180205218945,2353.1274376269835,0.06372448239164087,117.45383522727273
classical,00031,822.2634339911336,1433.449665459317,0.03945743336397059,112.34714673913044
classical,00032,792.8999210790028,1207.567698003338,0.03658178937693499,123.046875
classical,00033,1128.2640221625,2165.7702372170083,0.05439309512867647,123.046875
classical,00034,1369.6275534158526,2655.1172782023996,0.07356796028444272,123.046875
classical,00035,1016.2794101985561,1823.6806391193402,0.06115495900251548,151.99908088235293
classical,00036,1281.7708462575204,2440.360243475474,0.059410449521091334,123.046875
classical,00037,1534.0649775815205,2838.2245043113876,0.09395219076528638,151.99908088235293
classical,00038,1279.0416614368512,2376.66062865833,0.07583589819562693,112.34714673913044
classical,00039,1633.5347587817203,3161.25588431816,0.10895928066950464,129.19921875
classical,00040,1396.6912386576882,2652.725625997726,0.0726431737374226,117.45383522727273
classical,00041,1329.251894109989,2462.126778522881,0.07881698372194272,123.046875
classical,00042,1327.3144253859778,2172.5701960985875,0.09385279605263158,99.38401442307692
classical,00043,1063.1533055256577,1610.948592147591,0.051040885618227554,123.046875
classical,00044,1181.0215862992002,2031.9960461312403,0.07170553768382353,129.19921875
classical,00045,1175.77635010945,1901.213503622049,0.0622955416747291,184.5703125
classical,00046,1878.6445743423567,3633.9863591149865,0.11161308170472137,129.19921875
classical,00047,1173.658308051868,2082.5040740494387,0.06632537369388544,123.046875
classical,00048,1515.5620851292708,2770.9165779798764,0.087271581124226,143.5546875
classical,00049,2224.870163945009,4467.431319387336,0.10944642813951239,143.5546875
classical,00050,1170.0747483361945,2360.219061411571,0.049492898002128485,123.046875
classical,00051,1527.629815786948,3220.8471906443497,0.06010507872968266,135.99917763157896
classical,00052,2411.938717521315,4994.71146432977,0.12697013169988391,161.4990234375
classical,00053,1465.4818859539346,2749.1917093471848,0.0879189694998065,107.666015625
classical,00054,1712.446075886427,2833.4578664679275,0.11627820844620743,129.19921875
classical,00055,1079.448981372194,1764.672662599168,0.059341288941563465,123.046875
classical,00056,1680.0882644413368,3077.806388925842,0.09672579455301858,112.34714673913044
classical,00057,1751.2714172256217,3235.663767717202,0.09525792738970588,107.666015625
classical,00058,1137.9542403275434,1821.1806542364068,0.08186836360777863,129.19921875
classical,00059,1551.6471444255078,2841.574484054518,0.09329951141640867,117.45383522727273
classical,00060,1803.6217556700267,3366.512976489938,0.10401637782991487,123.046875
classical,00061,1322.0264163532718,2473.626708984375,0.07612614587364551,151.99908088235293
classical,00062,1474.8033835452404,2809.941342002467,0.07404603751451239,92.28515625
classical,00063,690.0759016323168,749.0621371904025,0.036054203753869966,99.38401442307692
classical,00064,1118.1087949480986,1873.613670514464,0.04229906395123839,117.45383522727273
classical,00065,828.7544422717997,1013.4855382582721,0.047511806428986066,123.046875
classical,00066,794.9184861016802,1007.277242465654,0.04503222958591331,135.99917763157896
classical,00067,1118.2275065852268,1993.6712778758708,0.046355350836880804,143.5546875
classical,00068,1559.7218519280827,2812.832991183727,0.09520237217008513,161.4990234375
classical,00069,1349.415927727444,2443.6185571062306,0.079280321812113,117.45383522727273
classical,00070,1355.7979175630267,2522.4097473333495,0.07085595854295666,151.99908088235293
classical,00071,1396.8242648287155,2615.0591870948624,0.07585706208881579,143.5546875
classical,00072,1284.9217749388183,2476.5683578632934,0.06374980347813468,117.45383522727273
classical,00073,1211.2963352101176,2104.7039398098877,0.07093910240905572,129.19921875
classical,00074,1359.9053069250142,2568.6178012529026,0.07211672189434984,161.4990234375
classical,00075,1171.7185034773229,2235.9031464662344,0.0608847414376935,117.45383522727273
classical,00076,1340.2706428191875,2521.9847499032508,0.07171347414376934,117.45383522727273
classical,00077,811.6796466764333,1236.0675256687791,0.04834475679663313,161.4990234375
classical,00078,715.1893204778103,1037.2853943437983,0.04129340109810371,135.99917763157896
classical,00079,789.6016070365972,1158.4513283366389,0.05211230771091331,107.666015625
classical,00080,972.0335266926701,1907.4134661317241,0.031537602191369966,123.046875
classical,00081,1213.8723064679195,2163.5285841053114,0.06055896865325077,143.5546875
classical,00082,1415.0792102868577,2489.5016129910023,0.08737929022349071,112.34714673913044
classical,00083,852.9122973003556,1401.2831932989068,0.05079296572658669,123.046875
classical,00084,1001.400438764717,1731.7228618421052,0.05794825125773994,112.34714673913044
classical,00085,1525.619292996841,2732.97514073989,0.09158788155476007,107.666015625
classical,00086,1356.373033141779,2496.7265693026798,0.07686121323529412,99.38401442307692
classical,00087,876.8756125963496,1457.2078551301277,0.051046554518188854,123.046875
classical,00088,1302.6624548505915,2347.185806888545,0.07053623258513932,107.666015625
classical,00089,2423.3928713375903,4296.62401890238,0.16668644482875386,99.38401442307692
classical,00090,2172.340940607676,4066.550410126016,0.151986231375774,117.45383522727273
classical,00091,2192.798091164326,4066.4670772965846,0.1524378537393576,143.5546875
classical,00092,1807.4611780311013,3071.923091168005,0.13095801385932662,129.19921875
classical,00093,1623.8593881098134,2732.316811387384,0.10825822670762383,135.99917763157896
classical,00094,1424.0137458217046,2927.3072989732486,0.07015490458107586,123.046875
classical,00095,1800.7078431571479,3426.854278281008,0.12435714674438854,117.45383522727273
classical,00096,1932.858343454793,3573.061727517899,0.11752045339106038,135.99917763157896
classical,00097,1494.1157444836929,2780.841517965122,0.08592124915344428,103.359375
classical,00098,1953.0485341566473,3780.6271390649185,0.1234924505369582,95.703125
classical,00099,1524.906760869059,3325.1048935456174,0.08068318558920279,117.45383522727273
country,00000,2797.736904436212,6220.395719451432,0.10713729622194272,161.4990234375
country,00001,2937.896020074051,6279.31202985923,0.12698751632643188,129.19921875
country,00002,2307.323592465213,5187.1019676373835,0.0741337165005805,161.4990234375
country,00003,2174.0338689308455,4347.882042285459,0.1025643835864938,161.4990234375
country,00004,2966.0860947459514,6349.153274205447,0.12416100280572756,117.45383522727273
country,00005,2926.718500162822,6171.979345551954,0.13645079999516255,129.19921875
country,00006,2800.075712176965,6003.997027984714,0.12843724300986842,112.34714673913044
country,00007,2898.717713090442,6399.852967631337,0.11293582502902477,103.359375
country,00008,2505.93306934587,5478.441872611504,0.10473972946497678,129.19921875
country,00009,3191.4254405887636,6926.2747844306305,0.15687886996904024,123.046875
country,00010,1861.0571941965711,3768.5688786462365,0.07651125314434984,123.046875
country,00011,2838.2297667975245,6046.688436502273,0.11010515431501548,112.34714673913044
country,00012,1667.818317832013,3440.595861854199,0.06406763980263158,89.10290948275862
country,00013,2812.3460731373007,6062.663339904218,0.12956497617550308,129.19921875
country,00014,2951.907478934419,6568.810279302922,0.12474225401509288,135.99917763157896
country,00015,1959.271915500569,4208.866216228474,0.09426624782314241,151.99908088235293
country,00016,1425.7529756719205,2880.432582418247,0.06017386138254644,107.666015625
country,00017,1469.7379755707777,2966.6737275965074,0.06385600087074303,89.10290948275862
country,00018,2068.584799464558,4097.616888937935,0.09561053296729877,86.1328125
country,00019,1138.6322529749489,2117.4205295810757,0.050959631385448914,123.046875
country,00020,2408.314694070787,5213.060144005176,0.08685812935371517,103.359375
country,00021,1043.308817126189,1943.9132454225523,0.04559534031540248,107.666015625
country,00022,1719.1323094898564,3447.795818317047,0.06805325440208979,95.703125
country,00023,1495.431718045999,3052.5315417593847,0.03548126693111455,83.35433467741936
country,00024,1739.3758035924386,3425.6292856883706,0.0824598188370743,129.19921875
country,00025,1565.431223477452,3188.930716972233,0.05730313044214396,143.5546875
country,00026,1269.551653823602,2496.526570512045,0.05483186798568111,107.666015625
country,00027,2012.1713342776313,3908.2513673386707,0.0973951026751161,92.28515625
country,00028,1473.9128485960437,2925.2739779351296,0.05981898824496904,89.10290948275862
country,00029,1213.9945817343546,2274.0195826480262,0.054208666916602165,89.10290948275862
country,00030,1240.5152139145493,2412.6354111237424,0.042844034200851394,161.4990234375
country,00031,2052.9625584621285,4094.358575307179,0.09529609798277863,112.34714673913044
country,00032,1823.3064509460355,4016.384046808485,0.0676016320385062,99.38401442307692
country,00033,2456.5320221764173,4914.653615095298,0.12361565462945047,92.28515625
country,00034,2614.1995155836144,5435.2588004003,0.11928688261900154,135.99917763157896
country,00035,2322.0721783400677,4581.113965297262,0.10437125096749227,99.38401442307692
country,00036,1826.9249340586337,3646.9946137891834,0.0848248839009288,112.34714673913044
country,00037,2069.148285261862,4234.291062487906,0.08500288735971362,99.38401442307692
country,00038,2860.2957655436016,6247.020558454673,0.12115799753289473,151.99908088235293
country,00039,3760.344265876674,7442.58832901993,0.21237475510352166,123.046875
country,00040,2450.1899459883007,5043.4278364152,0.10633306828076626,143.5546875
country,00041,2633.92246137545,5807.381550224942,0.09585618529895511,129.19921875
country,00042,2386.7719611362613,5389.467410627903,0.08702592879256967,103.359375
country,00043,2530.747250154465,5071.602666045859,0.1343000193498452,135.99917763157896
country,00044,1730.3738912076037,3360.221347867889,0.0665200059258901,151.99908088235293
country,00045,2776.9730830797675,5621.4910076129545,0.13296442651896284,151.99908088235293
country,00046,2109.33713277638,3843.9267563007934,0.11589196739551083,151.99908088235293
country,00047,1784.2757195121585,3556.6534934029123,0.09412943837074303,151.99908088235293
country,00048,1939.7454270402015,4127.38337561073,0.0639731581366099,117.45383522727273
country,00049,1600.2315779968376,3007.031816889996,0.07581624600909442,112.34714673913044
country,00050,1779.4676019103063,3873.3349118070337,0.07890693026799536,117.45383522727273
country,00051,1552.6259416003572,3166.755851060613,0.0592494527621904,129.19921875
country,00052,1115.674937894122,2347.919135787539,0.03547446425116099,112.34714673913044
country,00053,2271.2505523034033,4956.6950275432955,0.10825444744098298,89.10290948275862
country,00054,1654.4664102525255,3908.2263674898413,0.06020787478231424,75.99954044117646
country,00055,1881.203343252731,4111.441805340557,0.08110419589299536,129.19921875
country,00056,1468.6863713146204,3212.9222385654507,0.054941088791602165,129.19921875
country,00057,1741.6630788650357,3790.6937448601975,0.07543756349167957,135.99917763157896
country,00058,1796.174688547229,4163.958154448046,0.07327015407314241,112.34714673913044
country,00059,1535.3958056080323,3510.370439936871,0.052538986914667185,135.99917763157896
country,00060,1373.0325189301104,3068.8064433472814,0.04291659612035604,69.83741554054055
country,00061,1397.8638652030586,3101.231247278928,0.048586629861648606,123.046875
country,00062,2166.904720091283,4794.562674602119,0.10237579818111456,89.10290948275862
country,00063,1615.219120239563,3661.544525807856,0.058282716355456655,83.35433467741936
country,00064,1512.2312015498755,3237.997086941273,0.060115282749613,135.99917763157896
country,00065,894.1862469770149,1638.990089251161,0.038680794069272446,123.046875
country,00066,1701.104157868841,3242.2387279593167,0.09886750495839783,112.34714673913044
country,00067,857.7891095588427,1444.441265661281,0.03538187221845975,129.19921875
country,00068,1130.88621050095,2216.5282636235006,0.050243082430340556,161.4990234375
country,00069,1327.831388173283,2756.025001360536,0.06108731012964396,112.34714673913044
country,00070,1935.1376002014006,4048.7921841742454,0.09476964613970588,112.34714673913044
country,00071,1261.2827949158282,2421.143693008659,0.060543095733359135,143.5546875
country,00072,1711.1750906057384,3556.561827290538,0.08227350099167957,151.99908088235293
country,00073,1549.3011387768354,3290.546769180534,0.06975279061048761,151.99908088235293
country,00074,1533.8762639485205,3117.381149622678,0.07112353062113003,135.99917763157896
country,00075,2187.471351071909,4841.754055908959,0.11375403625677244,95.703125
country,00076,1321.6790674106805,2590.392669583253,0.0665252968991873,143.5546875
country,00077,1513.0951744613114,2922.548994412732,0.08784300624032508,92.28515625
country,00078,1143.7840230384083,2221.644899350571,0.04985797515963622,129.19921875
country,00079,963.0883140219518,1752.7477347075755,0.04576843072755418,80.74951171875
country,00080,2049.759446337362,4435.639844959365,0.08940724470297988,99.38401442307692
country,00081,2101.5819353295624,4416.31496181429,0.10102962340363777,89.10290948275862
country,00082,2253.204762221441,4798.895981732537,0.10609270692240712,117.45383522727273
country,00083,1435.9535986844837,2924.0573186254355,0.05955141616679566,143.5546875
country,00084,1965.1836437131567,4059.808784225039,0.09301795605166409,172.265625
country,00085,1596.1835933523566,3291.438430455447,0.06926526521381579,143.5546875
country,00086,1879.7854351815115,4031.808953536184,0.07831736467202012,117.45383522727273
country,00087,1589.6751393886639,3159.772559954286,0.07391451903541021,143.5546875
country,00088,1622.9380058371546,3527.4536699702494,0.06606309258900929,103.359375
country,00089,1321.6785458942293,2583.926042019398,0.05250308388157895,143.5546875
country,00090,1927.3675705051005,3883.251518509336,0.0990303913506192,135.99917763157896
country,00091,1563.3747605929323,3233.8971117332626,0.06475622218459752,117.45383522727273
country,00092,2334.8154981551575,4838.854073444756,0.12121959957914087,161.4990234375
country,00093,1537.6142011039794,3054.864860983456,0.068123926688274,86.1328125
country,00094,1474.8499278498255,3108.264538082914,0.06299281636996903,112.34714673913044
country,00095,1555.9459692978273,3218.172206819611,0.0672293742743808,89.10290948275862
country,00096,1754.1836047196616,3505.0121390044505,0.09739925986842106,117.45383522727273
country,00097,1560.8107491897194,3175.039134306066,0.06718742441466719,112.34714673913044
country,00098,1425.1728858729618,2980.456977584414,0.0617449025251548,117.45383522727273
country,00099,2157.1738656061257,4477.806256651509,0.1082567150009675,143.5546875
disco,00000,2296.9535384801616,4887.90377684791,0.09633501838235294,117.45383522727273
disco,00001,3290.4137171837783,6514.760606133901,0.18854685685952013,117.45383522727273
disco,00002,3591.6726864472093,8074.176176561291,0.1533482790731424,112.34714673913044
disco,00003,3048.50913049107,6212.679099446111,0.14965177837171054,129.19921875
disco,00004,3328.8039424620447,7196.339818050987,0.16905150989260836,123.046875
disco,00005,2722.0570843845812,5469.391927335285,0.14455203596652477,107.666015625
disco,00006,2848.186030123322,5506.541702695676,0.16366529907604488,123.046875
disco,00007,3099.103215917834,6098.254791354248,0.1402841101489938,129.19921875
disco,00008,2802.4924207319864,5449.517047515964,0.16440792497097523,123.046875
disco,00009,3016.6098872962975,5954.6306598297215,0.17065354102167182,129.19921875
disco,00010,2877.5956513494793,5865.939529466186,0.15032410990712075,107.666015625
disco,00011,3132.641647890409,6863.758495791409,0.13097653226586686,95.703125
disco,00012,2739.1216870987946,5711.048799402573,0.13174939229392416,112.34714673913044
disco,00013,3391.852766386255,7204.406435939919,0.15957688842395512,89.10290948275862
disco,00014,3087.3869048697566,6529.785515280331,0.156306688999613,103.359375
disco,00015,2361.555071993125,5437.617119473201,0.09018917497097523,123.046875
disco,00016,2522.8463583304174,5342.88435897591,0.11443506010545666,123.046875
disco,00017,2564.559467716457,5388.834081124226,0.12076004075561146,123.046875
disco,00018,3043.1562700631753,6838.300316400203,0.14359928284636223,123.046875
disco,00019,2117.46216552579,4198.799610433195,0.10366263847232972,117.45383522727273
disco,00020,2117.8056632409334,4351.123689350329,0.10330171850812693,161.4990234375
disco,00021,3248.4581470736102,7422.105119545762,0.1240548054131192,107.666015625
disco,00022,3707.398851296399,7806.994458839251,0.17289993711300308,123.046875
disco,00023,3167.795847858777,6730.525968096943,0.15100324412248453,112.34714673913044
disco,00024,2624.9385708467034,5606.199433412346,0.12025853207236842,129.19921875
disco,00025,2410.0213654869553,5080.377612984956,0.0996603950996517,123.046875
disco,00026,3042.9641899983512,6611.985018231182,0.1315751681017802,117.45383522727273
disco,00027,2909.734481464108,6349.811603557952,0.10124882086880804,112.34714673913044
disco,00028,3713.48694638823,7726.703277682373,0.1982474784732972,123.046875
disco,00029,3074.955857281421,6848.700253513206,0.13853393176760836,103.359375
disco,00030,3167.980429178188,6935.124730916215,0.1508622774767802,135.99917763157896
disco,00031,3257.0598291825777,6680.934601302486,0.17381451964009287,123.046875
disco,00032,2447.409336904023,4959.553343592783,0.12327627648510062,112.34714673913044
disco,00033,2450.413166064707,5024.436284587849,0.12449924717008513,129.19921875
disco,00034,3653.421306774056,7835.319287562887,0.18083450742550308,129.19921875
disco,00035,3623.618001455529,7702.8034222015285,0.1764282604489164,123.046875
disco,00036,3348.2086602732634,7057.77398927293,0.16205155222039475,135.99917763157896
disco,00037,3637.592789774491,7771.178008749758,0.19009560032894737,129.19921875
disco,00038,3354.2397988287794,7044.632402071643,0.16828847595781735,123.046875
disco,00039,2328.6133402440596,4868.128896423907,0.10118608504256967,112.34714673913044
disco,00040,2605.0944544086888,5352.534300624033,0.12638850256385448,135.99917763157896
disco,00041,1776.2522751135418,3874.5099047020126,0.053842455979102165,161.4990234375
disco,00042,2403.8843150410266,4901.403695215751,0.12167764669601393,107.666015625
disco,00043,2874.9262324037013,6019.138603092347,0.13478414340654024,129.19921875
disco,00044,2330.2622314757155,4645.071911885642,0.1095964650251548,123.046875
disco,00045,2248.1273858271297,4609.855458168054,0.10974196679082818,123.046875
disco,00046,2259.589920603691,4889.070436459946,0.11426008005998452,123.046875
disco,00047,1710.8613251393358,3238.955414479731,0.08702290537925697,117.45383522727273
disco,00048,2616.096714804429,4983.861529937839,0.15437434996613777,103.359375
disco,00049,2397.1063663228833,4920.761911492598,0.13532117719620743,123.046875
disco,00050,2375.973366895497,5005.928063171198,0.12878191212751547,107.666015625
disco,00051,2651.1900047169647,5371.900850183823,0.15772391398993807,107.666015625
disco,00052,2591.333355567653,5061.694392626499,0.16987803550696595,123.046875
disco,00053,3079.4179348888606,6405.6862656915155,0.15430745694659442,135.99917763157896
disco,00054,2565.921074883215,5521.049948299632,0.11465010037732198,112.34714673913044
disco,00055,2107.848889370777,4398.073405451819,0.11041618795955882,129.19921875
disco,00056,1755.129570096359,3816.093591270801,0.07696816648123066,89.10290948275862
disco,00057,1937.9336125758969,4164.299819048713,0.09247298580205109,117.45383522727273
disco,00058,2217.9468185763726,4743.654649102651,0.1109932819756192,129.19921875
disco,00059,2279.809624784902,4828.429136482924,0.1102181543875774,123.046875
disco,00060,1975.1335053960831,4251.3326261065695,0.09303307311822756,129.19921875
disco,00061,2550.028312048306,5585.282893225135,0.11589045568885449,123.046875
disco,00062,2387.7325026444496,4919.303586977554,0.12770671076818885,107.666015625
disco,00063,2583.27769921304,5855.472926089638,0.09977263931888544,129.19921875
disco,00064,2144.1917399531785,4947.636748984133,0.06485183763061146,123.046875
disco,00065,1887.3917879458206,4364.4902751910795,0.07365715097716719,129.19921875
disco,00066,2492.738859302843,5114.502406636997,0.13862576794698142,135.99917763157896
disco,00067,2541.883160515039,5182.9019930340555,0.14330827931501547,99.38401442307692
disco,00068,2956.5337941520315,6131.879588029702,0.16269251584268576,107.666015625
disco,00069,1931.2193943087889,4515.73102732561,0.08364121758900929,107.666015625
disco,00070,2449.226728591441,5185.285311955786,0.1346148322610294,107.666015625
disco,00071,2808.9885736537567,6001.438710121179,0.15595068208204335,112.34714673913044
disco,00072,2902.9647374556394,5470.533587098491,0.184138720249613,135.99917763157896
disco,00073,2846.7657969378115,5925.255837455254,0.17636703632933437,112.34714673913044
disco,00074,2649.1616082169267,5545.749798943015,0.15116461880804954,112.34714673913044
disco,00075,2690.9280799465737,5776.473403788941,0.12995726405282507,135.99917763157896
disco,00076,2251.8844176767266,4558.322436447852,0.12191385086106811,129.19921875
disco,00077,2308.771409464001,4944.086770450368,0.11760246347716719,117.45383522727273
disco,00078,2219.176995192364,4882.120478485391,0.09617402162345201,129.19921875
disco,00079,2292.468635289698,5038.361200385788,0.09981534503192724,123.046875
disco,00080,2143.5794238139442,4956.820026787442,0.08475043234810371,99.38401442307692
disco,00081,2292.360733659439,4740.338002491292,0.11643089081849846,129.19921875
disco,00082,2576.987045891446,5419.342229978957,0.13824595164957432,123.046875
disco,00083,1959.4588801435377,4352.890345334268,0.09003346918537151,117.45383522727273
disco,00084,2455.0932380847667,4726.188088053889,0.1514639367260062,112.34714673913044
disco,00085,3002.546679787314,6575.085241359085,0.15866457345684984,123.046875
disco,00086,1867.6402251053912,3803.760332514996,0.09448204394833591,123.046875
disco,00087,2139.139352934813,4525.914299082092,0.10026696739551083,107.666015625
disco,00088,2238.840775929812,4385.00681779702,0.13146859278250775,123.046875
disco,00089,2129.2311223525694,4424.039915102554,0.1118704497629644,129.19921875
disco,00090,2574.79240295126,5459.4753206329815,0.14616918416215172,129.19921875
disco,00091,2036.954564949739,4203.599581408427,0.09159921935468267,99.38401442307692
disco,00092,2458.014671246129,5268.99313911934,0.11753292497097523,117.45383522727273
disco,00093,2461.14163826347,5019.069650372485,0.13708722849748453,107.666015625
disco,00094,2208.042390341513,5075.519309029121,0.09361054506095201,135.99917763157896
disco,00095,2486.9622377159294,5008.153049717009,0.11808431997387771,123.046875
disco,00096,2481.721634886412,4956.578361582092,0.13440697259578174,103.359375
disco,00097,2825.996741304222,6233.503973520947,0.12049624794407894,129.19921875
disco,00098,2417.290896426286,5384.359108183775,0.11262743687113003,123.046875
disco,00099,2417.290896426286,5384.359108183775,0.11262743687113003,123.046875
hiphop,00000,2667.598264204199,5474.5252296282415,0.14734075682082043,117.45383522727273
hiphop,00001,2808.0997679298553,5527.4999092976,0.09764869146671827,92.28515625
hiphop,00002,1490.267513454904,3093.439627727119,0.05873774005901703,99.38401442307692
hiphop,00003,2493.0197312580017,5126.477334226248,0.10351449122000773,92.28515625
hiphop,00004,2372.196733389424,5059.227740875339,0.09989130829140867,95.703125
hiphop,00005,2709.1219422212534,5795.106624449739,0.1246141368759675,143.5546875
hiphop,00006,2858.8798345545956,6049.246754365809,0.12823807565789475,99.38401442307692
hiphop,00007,2046.684934575461,4551.822475752225,0.07867374951625387,123.046875
hiphop,00008,3069.324955797573,5752.831880079334,0.17691578584558823,172.265625
hiphop,00009,2199.8238356893144,4790.8043639947755,0.09832480226876934,103.359375
hiphop,00010,2284.557521257939,4663.488467189919,0.12547203040344426,95.703125
hiphop,00011,2095.2843615953393,4581.08063216549,0.0941872611503483,135.99917763157896
hiphop,00012,1976.6032436961616,4276.807472063661,0.08725570820433437,99.38401442307692
hiphop,00013,1798.2561813590762,3625.0447465170278,0.0966369817869582,103.359375
hiphop,00014,2437.048752680767,4775.87112096072,0.13386653746613777,135.99917763157896
hiphop,00015,2395.6287707665906,5281.951394095879,0.11596868650832043,99.38401442307692
hiphop,00016,2433.5703644895043,4920.553579419021,0.11047967963912539,99.38401442307692
hiphop,00017,2144.7967276072304,4956.170030717879,0.08034305159152477,99.38401442307692
hiphop,00018,2677.5302560439604,5366.4258832902,0.1457859665247678,143.5546875
hiphop,00019,2470.698672239959,5256.051550708688,0.10016379341621517,135.99917763157896
hiphop,00020,2677.673557527702,5266.451487821691,0.10805943728231424,117.45383522727273
hiphop,00021,2405.930576103664,4987.661506959897,0.11973245815595976,103.359375
hiphop,00022,2025.6416599602314,4603.638829092492,0.0753997708252709,99.38401442307692
hiphop,00023,2240.286593160913,4728.029743584317,0.10668265044504643,95.703125
hiphop,00024,2517.911423785981,4926.5702097039475,0.13887293198529413,103.359375
hiphop,00025,2305.3387195746236,4815.67088029702,0.10742111914667182,107.666015625
hiphop,00026,3459.9272558110056,7022.832533892463,0.17347174015576625,103.359375
hiphop,00027,2637.8401095155677,5629.774290858408,0.1028002098248839,92.28515625
hiphop,00028,2774.8161010678414,5746.431918779025,0.11459341137770898,117.45383522727273
hiphop,00029,3131.1261135615773,6395.411327822659,0.11568637529024768,123.046875
hiphop,00030,3724.6823711131033,7641.4537931743425,0.1727574587606424,89.10290948275862
hiphop,00031,3084.76186419123,6778.925675430534,0.13644361938854488,99.38401442307692
hiphop,00032,2145.7496112926738,4529.626124182413,0.07872191436531008,99.38401442307692
hiphop,00033,2982.060815963111,6160.612747617551,0.15224662284732973,99.38401442307692
hiphop,00034,3191.044516046446,6353.994911595395,0.16916602167182662,99.38401442307692
hiphop,00035,2825.323180350757,6190.487566968605,0.10329945094814241,112.34714673913044
hiphop,00036,2960.030263968586,5801.2065875640965,0.12089987362132353,117.45383522727273
hiphop,00037,3770.0918351944115,7050.3907005853325,0.21284149453366874,143.5546875
hiphop,00038,2202.301866338655,4411.30665876548,0.09668724603328173,92.28515625
hiphop,00039,2706.643672135751,5996.2970745452785,0.1125715037248452,95.703125
hiphop,00040,2431.646799513027,5276.534760182856,0.10152508526025542,161.4990234375
hiphop,00041,2708.7713992568238,5555.958070548326,0.12015460223974458,92.28515625
hiphop,00042,2908.796365992664,6030.721866383272,0.10257420967976007,92.28515625
hiphop,00043,1834.8256530083474,3847.7517331716813,0.06156538735971362,89.10290948275862
hiphop,00044,2548.6358571860324,4537.039231811145,0.14338613220781735,117.45383522727273
hiphop,00045,2706.643672135751,5996.2970745452785,0.1125715037248452,95.703125
hiphop,00046,2306.6927466340608,5000.22809763811,0.09149226610874613,95.703125
hiphop,00047,3236.1631018546072,7338.447292079866,0.10935685952012383,95.703125
hiphop,00048,2344.36138922193,5394.20071533959,0.07745040090460527,95.703125
hiphop,00049,3084.2952444253224,6682.134594046294,0.10872005309113777,135.99917763157896
hiphop,00050,1683.619644606739,3618.7947843096945,0.04244418779024768,99.38401442307692
hiphop,00051,2500.4797220989103,5294.209653305195,0.09951791674729102,107.666015625
hiphop,00052,2595.4139469314464,5857.672912786619,0.08231280536474458,103.359375
hiphop,00053,3079.0087927348836,7003.174319429663,0.10707796173568111,107.666015625
hiphop,00054,3258.7279523471225,7619.453926204528,0.12631934198432662,112.34714673913044
hiphop,00055,1735.0220930633773,3552.1118541989163,0.07250031745839783,107.666015625
hiphop,00056,2355.4723343154965,5176.660364109665,0.07013033934791021,99.38401442307692
hiphop,00057,1810.6954247926876,3889.3264817748645,0.05145433738873839,143.5546875
hiphop,00058,2676.6508250950637,5209.576831734956,0.13613863257062694,172.265625
hiphop,00059,1948.7470646401587,4218.374492066563,0.06300302038989938,92.28515625
hiphop,00060,1717.7329534459286,3686.661040598394,0.05390783729198916,184.5703125
hiphop,00061,1811.2168444679162,3805.251990161813,0.06727699303405572,92.28515625
hiphop,00062,2449.128773184892,4930.636851780186,0.10955073589880031,92.28515625
hiphop,00063,2671.001723945175,5320.317828765964,0.12218709183920279,95.703125
hiphop,00064,2429.9510115232506,5273.768110245743,0.07981168670181889,86.1328125
hiphop,00065,2447.8281024993307,5317.059515135207,0.0886033946884675,95.703125
hiphop,00066,2244.8415279874444,4815.462548223442,0.0793853854247291,92.28515625
hiphop,00067,3053.1621523743606,6667.5096824811335,0.1268197168875774,95.703125
hiphop,00068,2545.054137043967,5683.74896448094,0.09572391096652477,95.703125
hiphop,00069,3299.1808940264405,7081.765510866147,0.1209660107875387,129.19921875
hiphop,00070,2501.271271157064,6028.54687953512,0.06926450936048761,95.703125
hiphop,00071,3186.731680235605,7476.346458222475,0.10757606907894737,95.703125
hiphop,00072,1818.8738268342124,3999.867480015238,0.05136250120936533,99.38401442307692
hiphop,00073,2566.4693126148786,5931.4391333990425,0.08562004160216719,92.28515625
hiphop,00074,2775.104032804037,5968.747241135352,0.11079033535700464,99.38401442307692
hiphop,00075,3139.545921037849,6335.586689574062,0.146737207938274,92.28515625
hiphop,00076,2327.5213904317748,4931.945177202254,0.09669745005321208,95.703125
hiphop,00077,2986.4208595530977,6403.194614091525,0.13766243288022445,117.45383522727273
hiphop,00078,2327.5213904317748,4931.945177202254,0.09669745005321208,95.703125
hiphop,00079,3212.9630099410956,6312.886826837026,0.17240182976973684,103.359375
hiphop,00080,3377.4112911793263,6892.574988208688,0.15500095237519348,95.703125
hiphop,00081,1469.35653984345,3277.0301842468075,0.05177973224651703,103.359375
hiphop,00082,2290.3024654092856,4819.987520861552,0.11322947404702012,107.666015625
hiphop,00083,2368.0609955251452,5017.777991516302,0.11085004776993033,103.359375
hiphop,00084,2044.3436965818544,4074.867026503241,0.10514864611551858,112.34714673913044
hiphop,00085,2607.8541683617073,5535.29152884941,0.1272399713380418,112.34714673913044
hiphop,00086,2083.3760570207505,4478.7645841899675,0.0798679977747678,99.38401442307692
hiphop,00087,2472.4154726198276,5508.975021315064,0.08769334728134674,135.99917763157896
hiphop,00088,2695.094567587523,5600.357802069224,0.14991216984326625,117.45383522727273
hiphop,00089,2670.129922883787,5527.033245452786,0.11762400529702012,129.19921875
hiphop,00090,2273.117404165817,4965.353308521188,0.10450163566660217,117.45383522727273
hiphop,00091,2628.878117693948,5411.675609671294,0.1385550956607972,103.359375
hiphop,00092,2330.757597156787,5837.356368971314,0.07263901654411764,112.34714673913044
hiphop,00093,3185.0884204938943,6277.953704739502,0.15219749238099844,117.45383522727273
hiphop,00094,1929.6150504934512,4411.214992653106,0.054190904363390094,151.99908088235293
hiphop,00095,2735.912614291379,5419.9838927655765,0.15760335538409442,112.34714673913044
hiphop,00096,1752.1614189598884,3489.1622348466526,0.08312648147252322,107.666015625
hiphop,00097,2581.94851662367,5731.932006458011,0.11598796076818886,112.34714673913044
hiphop,00098,2538.368061403121,5353.609294123694,0.10066983721942724,107.666015625
hiphop,00099,1962.8866342314823,3798.2436992066564,0.1015708143866099,107.666015625
jazz,00000,1504.4047588140772,2800.3747331837753,0.07846437814434984,123.046875
jazz,00001,1266.4058317384981,2410.4187578608744,0.0592777972619969,135.99917763157896
jazz,00002,1064.810563899727,1896.0302016314338,0.0578726659249226,107.666015625
jazz,00003,813.2937292486012,1417.008098212558,0.04467433303502322,123.046875
jazz,00004,1039.6234195230538,1838.2138845721265,0.04776879656056501,95.703125
jazz,00005,1268.0614969718397,2486.20163294553,0.057861328125,107.666015625
jazz,00006,1219.8050188390007,2416.718719765867,0.04806244557856037,135.99917763157896
jazz,00007,1169.8647198156075,1958.0381600111261,0.06483445300406347,99.38401442307692
jazz,00008,1304.575755968974,2723.9168621807275,0.04627485245743034,107.666015625
jazz,00009,749.2628446914877,1133.3681466778735,0.03169028456366099,112.34714673913044
jazz,00010,829.0965651223275,1553.448939840122,0.033065559694272446,112.34714673913044
jazz,00011,1826.0365894453719,4011.734074926229,0.07692054772155572,99.38401442307692
jazz,00012,1651.0676210196843,3659.4112053744193,0.06369991715847523,112.34714673913044
jazz,00013,1790.0295493241915,4398.031739037104,0.061073326843072755,151.99908088235293
jazz,00014,1171.6214630792151,2018.671126705205,0.06494254002999227,129.19921875
jazz,00015,1782.474277930597,3812.6686119811825,0.07357060577109133,117.45383522727273
jazz,00016,1465.5228085298586,2820.9746086191467,0.06986427897639319,117.45383522727273
jazz,00017,1934.384697501598,4327.257167001258,0.08418656576528638,103.359375
jazz,00018,1992.8831182241847,4247.307650445046,0.0877088422745743,103.359375
jazz,00019,1352.9479201634958,2713.100260920569,0.05548416940789474,123.046875
jazz,00020,1171.3930819851707,2580.1593981291117,0.03297183388157895,107.666015625
jazz,00021,2914.94666151823,5864.864535966525,0.1813991298616486,123.046875
jazz,00022,1451.626880243976,3046.5482446062306,0.05122229041698916,129.19921875
jazz,00023,1987.8175780417675,4315.540571183243,0.08007358988003097,161.4990234375
jazz,00024,2034.5445749754024,4342.9570720660795,0.0932473575367647,103.359375
jazz,00025,1697.9231433968507,3805.6603210260255,0.0636243318256579,103.359375
jazz,00026,1367.3537707400217,2631.6507534345974,0.05863569985971362,123.046875
jazz,00027,1769.3619290700788,3966.6343476381094,0.0626534382256192,143.5546875
jazz,00028,1853.537668388486,4029.625633405089,0.07490468689531733,99.38401442307692
jazz,00029,2235.4116360425205,4683.821677571111,0.09940416082140092,112.34714673913044
jazz,00030,1687.2491463064277,3353.42138898631,0.0846627533620356,117.45383522727273
jazz,00031,1752.8848971404616,3733.7857556416893,0.07241415017898607,112.34714673913044
jazz,00032,1522.235890723677,3251.9136694562694,0.06140930364744582,129.19921875
jazz,00033,1169.4154642704732,2444.15188721459,0.042349706124226005,95.703125
jazz,00034,1759.4571674896117,3573.978388641641,0.07934494727167182,99.38401442307692
jazz,00035,844.0869567986379,1608.706939035894,0.03772993058243034,123.046875
jazz,00036,1482.1596893550325,2658.6589234532216,0.09955948868034056,123.046875
jazz,00037,1276.4379258944841,2468.035076129547,0.05151291602167183,95.703125
jazz,00038,1554.5903609794093,3216.888881246372,0.0664005811000387,151.99908088235293
jazz,00039,1311.372381039201,2724.758523757982,0.0765237247242647,99.38401442307692
jazz,00040,1317.0558416665601,2778.966529302922,0.0548605904121517,103.359375
jazz,00041,1617.8388923522225,3104.006230498984,0.10063091077302631,95.703125
jazz,00042,1344.437460476301,2772.1499038554566,0.06121202592879257,129.19921875
jazz,00043,1760.3241043464388,3460.6707404641543,0.08566917206849846,151.99908088235293
jazz,00044,1004.7781930016408,1810.4640523715655,0.04966409878095975,103.359375
jazz,00045,937.4562086458998,1763.1893382352941,0.04262597051567337,123.046875
jazz,00046,1295.1679192471333,2695.3420349687985,0.058650061072948914,107.666015625
jazz,00047,1982.0625733345953,4262.465892118566,0.09357350824787151,103.359375
jazz,00048,1748.142494432649,3684.6110529943885,0.0792973285119969,129.19921875
jazz,00049,2050.1129866149877,4563.930735868566,0.06479514863099846,123.046875
jazz,00050,2482.1353360764733,5795.05662475208,0.08078258030185759,151.99908088235293
jazz,00051,1193.6053349835843,2480.185002660604,0.0424521242501935,95.703125
jazz,00052,2291.379122290399,5247.234937354876,0.0774182771381579,107.666015625
jazz,00053,1804.6004187901276,3646.2779514560757,0.07951917146381579,99.38401442307692
jazz,00055,871.4430541727539,1632.2151302184113,0.03778284031540248,123.046875
jazz,00056,2978.3220638037997,6863.066833307131,0.11482508042279412,123.046875
jazz,00057,1377.8323680483904,2583.8760423217395,0.06180650457140093,95.703125
jazz,00058,1546.0839850615766,2722.683536305147,0.09965699375967492,123.046875
jazz,00059,1397.3006420701602,2932.3656017197177,0.03827792424535604,107.666015625
jazz,00060,1427.7524145965158,2729.8001599385643,0.052423719282120744,95.703125
jazz,00061,2456.2655968412196,5466.70027694466,0.09449413760158669,172.265625
jazz,00062,1725.3975116215415,3504.462142330205,0.06752226743904799,151.99908088235293
jazz,00063,2475.4857842352653,5544.324807559743,0.09815057807662539,123.046875
jazz,00064,1575.236469735313,3340.3631346144543,0.0558798586251935,103.359375
jazz,00065,1337.948611253047,2755.3916718568594,0.076529393624226,99.38401442307692
jazz,00066,1578.9373588451622,2967.148724724265,0.08824663191756967,129.19921875
jazz,00067,1353.9280891409821,2830.349551930147,0.054945623911571206,103.359375
jazz,00068,1382.2322944080952,2831.024547848539,0.061230544335332815,129.19921875
jazz,00069,2009.8796350514797,3910.7846853533765,0.08743219995646284,151.99908088235293
jazz,00070,1116.4380618490763,1954.729846682711,0.05003635654508514,103.359375
jazz,00071,970.9291138179467,1794.4808156866777,0.04257495041602167,123.046875
jazz,00072,1336.1482898545491,2751.5583617030284,0.05873471664570434,107.666015625
jazz,00073,2968.566588481608,6416.569533215219,0.1297546953608746,112.34714673913044
jazz,00074,2414.8237389943906,5135.168948335913,0.09557311822755418,83.35433467741936
jazz,00075,2902.6620538564803,6198.129187427438,0.12654912139609134,103.359375
jazz,00076,1733.4385381450832,3379.362898788216,0.06871462606424149,117.45383522727273
jazz,00077,2778.008088793104,5813.6731788469915,0.13090245863970587,135.99917763157896
jazz,00078,2502.8445190126677,5154.877162496372,0.09583048628579721,161.4990234375
jazz,00079,2634.403429558792,5562.599697053986,0.1078761428502322,107.666015625
jazz,00080,3028.9168752827172,6201.179168984617,0.14035780584849072,135.99917763157896
jazz,00081,3027.203488307254,7278.6643202459845,0.10014829842298761,117.45383522727273
jazz,00082,3906.147080554513,8037.4513986309985,0.20684871142124614,99.38401442307692
jazz,00083,3393.741285692436,7234.931251360536,0.14970204261803405,107.666015625
jazz,00084,2874.646194147484,6138.062883973491,0.11833828669214397,123.046875
jazz,00085,2861.0404771181898,5606.299432807663,0.1475769609858746,161.4990234375
jazz,00086,4135.959820402048,8257.808399495694,0.2617017433001161,135.99917763157896
jazz,00087,1845.5518106467784,4328.30716065209,0.04282929506095201,135.99917763157896
jazz,00088,2428.499799618343,5927.247492078657,0.06904795738196594,129.19921875
jazz,00089,1787.8006806601431,3905.4180511380127,0.06275774598490712,117.45383522727273
jazz,00090,1875.0449612101097,4292.274045206076,0.054154245476973686,135.99917763157896
jazz,00091,2958.808489538881,6065.304990597185,0.15142274271962075,117.45383522727273
jazz,00092,2213.7537527229924,5023.74462210357,0.0753657574255031,117.45383522727273
jazz,00093,2152.031383534672,5013.836348684211,0.08170320965557276,112.34714673913044
jazz,00094,1077.1720131034394,2111.370566164377,0.04151184270994582,123.046875
jazz,00095,1855.231742090936,4284.24909373186,0.06339606412054953,117.45383522727273
jazz,00096,1874.6331504345676,4010.8757467830883,0.07777050478908669,135.99917763157896
jazz,00097,1176.1012859833422,2343.452496130031,0.03991094536087461,112.34714673913044
jazz,00098,1885.0404623096763,4355.8986604767315,0.05812512093653251,161.4990234375
jazz,00099,1492.3797739731565,3375.904586366825,0.04620040090460526,135.99917763157896
metal,00000,3274.342156991105,6407.227923035991,0.18307976973684212,95.703125
metal,00001,2922.8385503757477,6036.880162478232,0.15290156975619196,151.99908088235293
metal,00002,2198.53454924538,4446.439779653638,0.12839302559017027,112.34714673913044
metal,00003,2751.9089641030187,5234.418348188371,0.16671025420859134,99.38401442307692
metal,00004,3403.1019046851966,6902.89159249226,0.19242362857972137,135.99917763157896
metal,00005,2464.4709483219676,4951.478392420908,0.13437825016931115,151.99908088235293
metal,00006,3237.5339087045945,6229.245665937016,0.1981254081607972,123.046875
metal,00007,2939.523998386432,5806.856553399526,0.16837313153057276,151.99908088235293
metal,00008,2964.6066307239516,6187.337586016109,0.14055924076044893,117.45383522727273
metal,00009,2250.756103631523,5112.344086354731,0.09467932166698917,112.34714673913044
metal,00010,3048.391495114449,5662.390760297746,0.19654038373161764,129.19921875
metal,00011,2699.981625338088,5157.935477336494,0.17150160845588236,112.34714673913044
metal,00012,2803.257354660647,5262.659844082576,0.17691276243227555,123.046875
metal,00013,3047.82371282636,5735.940315553647,0.20360421101006193,135.99917763157896
metal,00014,2877.3547536613023,5198.2769000640965,0.18530764742163314,151.99908088235293
metal,00015,2986.7051617902894,5818.22315133393,0.16926541638448142,129.19921875
metal,00016,2743.3928113977013,5129.2856505780765,0.17962174076044893,123.046875
metal,00017,2656.261185872393,5326.034460864938,0.15877568389609134,107.666015625
metal,00018,2291.2286943277686,3884.859842117357,0.1803178816756966,99.38401442307692
metal,00019,2699.5738516520305,5385.359102136948,0.16150658197078174,112.34714673913044
metal,00020,2658.1851594447485,5358.750929699594,0.152409131312887,99.38401442307692
metal,00021,3046.671496716164,5735.215319937597,0.19161335381191952,107.666015625
metal,00022,2218.426021983524,4779.537765455689,0.10698310214299536,135.99917763157896
metal,00023,2576.0418102130357,5058.086081112132,0.13178756288699692,143.5546875
metal,00024,2410.924796851622,4950.3867323553595,0.12833369110390866,112.34714673913044
metal,00025,2384.6742827890444,4584.797276358117,0.12610316793246903,135.99917763157896
metal,00026,2871.2356411968262,5187.051967939725,0.19822933799342105,129.19921875
metal,00027,2398.3632987706724,4866.77057130418,0.12830912587074303,129.19921875
metal,00028,2789.285147162285,5345.776008157169,0.17996187475812694,135.99917763157896
metal,00029,2955.272094385818,5928.739149725474,0.16334179385158668,123.046875
metal,00030,1525.0171267053893,3500.2871675757065,0.051203016157120744,129.19921875
metal,00031,2566.80363492006,5444.433744920666,0.12520937137190402,135.99917763157896
metal,00032,2502.472776909299,4761.437874903251,0.14816085768188855,117.45383522727273
metal,00033,2029.736703706102,4223.182796324739,0.10000733177728328,123.046875
metal,00034,2707.4994434805944,5291.984666759385,0.16091248125483745,107.666015625
metal,00035,2836.8788508471944,5615.007713483214,0.1628051379885836,117.45383522727273
metal,00036,2685.803359780835,5331.492761192676,0.16050318667763158,143.5546875
metal,00037,2292.322765769251,4819.487523884965,0.12365873826915634,135.99917763157896
metal,00038,2690.6399880359686,5087.985900312016,0.14832790126741485,95.703125
metal,00039,2099.0808075082346,4450.08975758272,0.08829727409055728,117.45383522727273
metal,00040,2709.6820770240647,5081.660938558195,0.16644079249709753,107.666015625
metal,00041,2269.1413938457786,4186.416351979731,0.13738125544214397,117.45383522727273
metal,00042,2463.469918109462,4547.580834734182,0.15180860584365324,129.19921875
metal,00043,2683.4162917108456,4972.811596755273,0.17731298676954335,95.703125
metal,00044,2760.319304355028,5260.1848590484715,0.17124877551760836,117.45383522727273
metal,00045,2389.3880017276356,4448.231435486407,0.1442818184017028,123.046875
metal,00046,2795.60572178898,5455.492011386174,0.16373219209558823,117.45383522727273
metal,00047,2908.1968535778014,5405.600646405766,0.17811948227070434,103.359375
metal,00048,2889.4023210736655,5485.533496396091,0.17660928732101394,107.666015625
metal,00049,2980.1528341767307,5461.750306876451,0.19402490385545665,99.38401442307692
metal,00050,2987.1640044032133,5629.03262867647,0.17751366582817338,112.34714673913044
metal,00051,3401.373581607958,6164.037726907169,0.2284702738003096,107.666015625
metal,00052,2716.8912073055953,5122.769023316563,0.16221897373258515,151.99908088235293
metal,00053,2907.028574013829,5519.5749572187015,0.17261573626160992,123.046875
metal,00054,3114.231609541995,5829.964747000774,0.19579171101006193,123.046875
metal,00055,3108.569418637931,5698.957205852119,0.19692586892898606,112.34714673913044
metal,00056,3010.816263137812,5633.374269089832,0.17932884759578174,107.666015625
metal,00057,2718.5579417970253,5227.301724554954,0.14377388496517027,129.19921875
metal,00058,2459.3715534268367,5024.161286250725,0.1428422957381966,143.5546875
metal,00059,2442.645580468767,4728.929738142173,0.14985396913699692,99.38401442307692
metal,00060,2315.8977069684156,4616.697083464348,0.13954412974071206,89.10290948275862
metal,00061,2709.6820770240647,5081.660938558195,0.16644079249709753,107.666015625
metal,00062,2269.1413938457786,4186.416351979731,0.13738125544214397,117.45383522727273
metal,00063,2463.469918109462,4547.580834734182,0.15180860584365324,129.19921875
metal,00064,2683.4162917108456,4972.811596755273,0.17731298676954335,95.703125
metal,00065,2760.319304355028,5260.1848590484715,0.17124877551760836,117.45383522727273
metal,00066,2389.3880017276356,4448.231435486407,0.1442818184017028,123.046875
metal,00067,2254.281419425893,4380.923509154895,0.12015875943304953,135.99917763157896
metal,00068,2302.678285324048,4598.83885811726,0.13075015419407895,161.4990234375
metal,00069,1741.0973179394807,4109.891814713139,0.05379181380611455,161.4990234375
metal,00070,2742.990786809419,5626.040980099893,0.14287668706462847,117.45383522727273
metal,00071,2807.9882845618395,5674.10735611576,0.15380519241002322,86.1328125
metal,00072,2339.8975314918994,4708.129863916167,0.11682733588912539,123.046875
metal,00073,2641.9436605759056,5566.633005998452,0.12134280367163312,143.5546875
metal,00074,2723.615094923719,5494.966772687693,0.13497272881191952,123.046875
metal,00075,2068.6635251087455,4439.32315602022,0.08889326443982198,112.34714673913044
metal,00076,2792.558751333963,5321.676153885691,0.16254058932372292,143.5546875
metal,00077,2741.1181141480697,5409.383956861939,0.15998467129450464,151.99908088235293
metal,00078,2815.482377902392,5898.380999963719,0.13186541577979877,99.38401442307692
metal,00079,2710.01459576383,5322.626148141206,0.14390615929760062,123.046875
metal,00080,2848.068677277798,5930.355806616438,0.14412119956946595,161.4990234375
metal,00081,2138.076590702687,4200.882931168972,0.12199056997387771,151.99908088235293
metal,00082,2378.335749623547,4748.546286190257,0.1413173616486068,123.046875
metal,00083,2340.6161186276986,4715.679818262626,0.1229134668875774,117.45383522727273
metal,00084,2522.639211420906,5089.835889125387,0.13858495186726005,151.99908088235293
metal,00085,2646.9473439709695,5304.851255623549,0.15778135884287925,103.359375
metal,00086,2628.987790976613,5189.301954334365,0.15904401182759287,123.046875
metal,00087,3338.733175737807,6670.784662677776,0.18681330725135448,95.703125
metal,00088,1988.1203738109068,4148.191583119678,0.09242007606907894,117.45383522727273
metal,00089,1443.678582039243,3286.3217947283765,0.046570013182082044,151.99908088235293
metal,00090,2141.608766227961,4682.58835169553,0.08467824835526316,89.10290948275862
metal,00091,2323.7155891603784,5018.86965158185,0.12008733129353716,135.99917763157896
metal,00092,2090.279599205969,4393.14843523244,0.09332936762287151,117.45383522727273
metal,00093,2644.707344854433,5176.768696787925,0.14164653577302633,172.265625
metal,00094,2707.4994434805944,5291.984666759385,0.16091248125483745,107.666015625
metal,00095,2445.2268406659396,5191.40194163603,0.12103592722039473,151.99908088235293
metal,00096,2493.918560285698,5105.327462116631,0.12823996529121517,161.4990234375
metal,00097,1983.2643140167768,4241.174354198916,0.08620620585816563,112.34714673913044
metal,00098,2241.3140380474656,4490.464513442095,0.11576498403637771,151.99908088235293
metal,00099,2375.8125952130194,4898.745377956899,0.1080065275493421,143.5546875
pop,00000,3421.991609687279,7953.285240905573,0.12676680715460525,135.99917763157896
pop,00001,3702.9878687281407,8073.092849778686,0.14947642039957432,107.666015625
pop,00002,3213.614161294748,7424.096774169166,0.11886851780185759,129.19921875
pop,00003,1837.1232438528277,3670.894469270027,0.08535171367066563,92.28515625
pop,00004,2753.1754730445987,5986.147135920569,0.12376304602844428,107.666015625
pop,00005,2289.8225244711934,4746.421299039764,0.10678053345104489,112.34714673913044
pop,00006,2125.267705090991,4978.811560474313,0.06769535785119969,92.28515625
pop,00007,1968.4205121606221,4127.1500436883225,0.08234492913119196,129.19921875
pop,00008,2885.067672495679,6430.411116183726,0.1213038772252322,172.265625
pop,00009,3279.877315074988,6953.099622224507,0.17281943873355263,107.666015625
pop,00010,1901.3067652610666,4192.1163175128195,0.06621728666795666,107.666015625
pop,00011,2200.4873847499075,4626.722022844911,0.08712532350522446,123.046875
pop,00012,2679.3029378260453,5533.833204334365,0.12593423471362228,99.38401442307692
pop,00013,2149.835157867053,5223.143416366341,0.05165917364067337,143.5546875
pop,00014,1997.7766637530594,4139.074971579915,0.0880610699255031,117.45383522727273
pop,00015,3207.1786148041806,7019.815885467057,0.14158379994678794,103.359375
pop,00016,3490.338581433319,7499.3796522772345,0.15341592794601394,112.34714673913044
pop,00017,2789.1815621104297,6112.2963731133905,0.12622977336493807,112.34714673913044
pop,00018,3433.787190087752,7932.260368040103,0.12773467734133126,123.046875
pop,00019,3131.1181095646075,6552.618710544456,0.15605347813467493,92.28515625
pop,00020,3487.4067969446874,7444.029986969089,0.17974985789957432,107.666015625
pop,00021,3502.00701315086,7199.448132588767,0.1870177655766254,99.38401442307692
pop,00022,3206.2744104845597,7019.599220110536,0.14153920460042568,103.359375
pop,00023,3759.7536787888253,7855.0441682892315,0.17767428466041021,103.359375
pop,00024,3301.781785166798,7302.597508858601,0.14452671488003097,117.45383522727273
pop,00025,2928.600766667062,6817.1004445929275,0.10574085719814241,151.99908088235293
pop,00026,2525.9715481716225,5554.558079013884,0.10354207986648607,151.99908088235293
pop,00027,2682.7273401220596,5957.30564365446,0.1019147276509288,83.35433467741936
pop,00028,2946.4390316642857,6655.701420550745,0.1212698638254644,99.38401442307692
pop,00029,2988.8331267850044,6919.44149241728,0.11157037599167957,161.4990234375
pop,00030,3070.5832512519023,6652.934770613632,0.14873984133126936,95.703125
pop,00031,3111.0321188903245,6745.192546076819,0.15291026206946595,95.703125
pop,00032,4225.662022831988,8483.157036843315,0.22873671209849072,95.703125
pop,00033,2835.031944989499,5944.989051464541,0.13706266326431887,99.38401442307692
pop,00034,3141.5125152923074,7236.939572549826,0.131055518938661,95.703125
pop,00035,3194.1092437559996,6993.491044649768,0.15937998863196595,107.666015625
pop,00036,2944.367953544407,6877.683411589348,0.1151153281008127,99.38401442307692
pop,00037,3236.4132052121413,6698.776160083688,0.16482477808146284,103.359375
pop,00038,3267.3819135528465,6921.091482440015,0.14652330144640094,92.28515625
pop,00039,3934.491432492193,8525.190116008369,0.18717800648219815,83.35433467741936
pop,00040,1962.3255836729843,3821.2185602808145,0.0958112120259288,129.19921875
pop,00041,2053.694268406237,4506.6727487664475,0.0753657574255031,107.666015625
pop,00042,3002.674937832099,6446.044354985004,0.14374780802534828,92.28515625
pop,00043,2703.2648138710597,5776.090072773559,0.1032971833881579,135.99917763157896
pop,00044,3143.571032145674,6689.351217075029,0.135637501814048,117.45383522727273
pop,00045,2842.6216479910663,6479.2441542303595,0.12498941805340558,117.45383522727273
pop,00046,2838.0180951192765,6485.694115228328,0.12218028915924922,117.45383522727273
pop,00047,3150.247439048178,7292.222571594427,0.12735523897058823,112.34714673913044
pop,00048,4052.820143139757,8382.19931398752,0.21071452326818885,129.19921875
pop,00049,1987.8861792595574,4265.432540846314,0.06614018962848298,117.45383522727273
pop,00050,3046.372430185827,6630.568239194321,0.1186580126499613,143.5546875
pop,00051,4156.047952718813,8676.405868294069,0.23004509420955882,112.34714673913044
pop,00052,3662.949570365473,7776.827974585188,0.15600737108165635,103.359375
pop,00053,2639.3066307520658,5625.532649840364,0.10700086469620743,129.19921875
pop,00054,3498.3376783149206,7664.586986624419,0.13602223115808823,129.19921875
pop,00055,3940.2272629229274,8259.358390123114,0.16739883659055727,103.359375
pop,00056,3681.0439984188665,7565.829250465606,0.14562421391253869,89.10290948275862
pop,00057,3672.6557860297753,7783.661266598539,0.15406445010158668,103.359375
pop,00058,2940.015407885018,5750.598560250581,0.14575422068498453,99.38401442307692
pop,00059,3727.4660374363148,7633.162176645947,0.14478748427825078,89.10290948275862
pop,00060,3498.3376783149206,7664.586986624419,0.13602223115808823,129.19921875
pop,00061,2949.223952581628,6067.779975631289,0.11195132606907894,95.703125
pop,00062,2468.524670525924,5481.708519525203,0.09820877878289473,107.666015625
pop,00063,1826.5118014889715,3796.2937109979684,0.07464656298374613,123.046875
pop,00064,3647.815014494343,7112.748656848636,0.205950001814048,129.19921875
pop,00065,2518.6056045443806,5496.141765582673,0.10014338537635449,117.45383522727273
pop,00066,2843.9946333947637,6839.30864363632,0.09974656237906347,107.666015625
pop,00067,3889.624969187498,8056.984613849651,0.19104230662248453,112.34714673913044
pop,00068,3262.9459369965157,6714.767730051519,0.15505650759481424,129.19921875
pop,00069,2327.908732581518,4930.628518497243,0.09549942252805728,107.666015625
pop,00070,3141.2231401468234,6823.467072761465,0.13644399731520898,123.046875
pop,00071,3889.624969187498,8056.984613849651,0.19104230662248453,112.34714673913044
pop,00072,2569.175433227925,5351.72597217855,0.13165642233455882,117.45383522727273
pop,00073,3671.1643126611093,7879.035689882449,0.16189735814144737,129.19921875
pop,00074,3419.3684471193815,7789.127900209221,0.1308480372000774,83.35433467741936
pop,00075,3645.4464883816936,7658.520356641834,0.15924053369291796,95.703125
pop,00076,3544.0579431444817,7780.461285948384,0.14281924221168732,143.5546875
pop,00077,4037.0594583162347,8331.391287883369,0.21392576613293343,112.34714673913044
pop,00078,3124.1763502995236,6618.134981043198,0.14272098127902477,103.359375
pop,00079,1995.1533802639976,4383.26516166191,0.07255095963138544,112.34714673913044
pop,00080,3151.4368984151406,7293.264231962316,0.1275974899622678,112.34714673913044
pop,00081,2246.864021619661,5155.585491546536,0.08601724252612229,143.5546875
pop,00082,3168.2409907758797,7555.26264769374,0.1003391513883514,129.19921875
pop,00083,2489.4443267545744,5976.730526194853,0.08429578657120743,123.046875
pop,00084,3262.545498075311,6828.042045097233,0.13586614744582043,99.38401442307692
pop,00085,2516.610746226457,5087.469236769543,0.1220960115131579,117.45383522727273
pop,00086,3594.152473909577,7634.40383580447,0.18523244001547987,129.19921875
pop,00087,3587.403427876467,7946.976945717637,0.1464783281733746,103.359375
pop,00088,3510.7952368005826,7257.122783838042,0.17203410712558048,99.38401442307692
pop,00089,3401.022781891512,7052.249022681646,0.16573822682856038,99.38401442307692
pop,00090,3603.2638619586164,7958.818540779799,0.14755995428599072,103.359375
pop,00091,3696.2251401442195,7871.035738257063,0.1668300569611068,117.45383522727273
pop,00092,3271.287004378033,6883.425043537151,0.14535890939434984,107.666015625
pop,00093,3258.808952581135,7268.706047128967,0.1316624691611842,135.99917763157896
pop,00094,2806.247388335063,6101.779770039184,0.12854835344910992,151.99908088235293
pop,00095,3046.1488168934807,7384.647012716477,0.10639353654702012,103.359375
pop,00096,3126.5336429077847,6931.233087781782,0.10534554590750773,92.28515625
pop,00097,3510.0385397133987,7587.279120761174,0.13724822525638544,99.38401442307692
pop,00098,3634.0505838021622,7534.687772107198,0.18310584667666407,117.45383522727273
pop,00099,2765.7471940850123,6873.391770873645,0.09601491449787151,161.4990234375
reggae,00000,2133.3401489392495,4801.7626310649675,0.09781082200561146,123.046875
reggae,00001,1638.9825872086217,3575.170048102506,0.06396144241002322,151.99908088235293
reggae,00002,1797.3172386292824,3926.517923549971,0.07512652984713622,103.359375
reggae,00003,1923.983365813952,4154.824876342395,0.08493448263351393,151.99908088235293
reggae,00004,2009.3311077034016,4303.565643593992,0.08446849905669504,123.046875
reggae,00005,1798.7132327981028,3796.9270405016446,0.07305095660797213,151.99908088235293
reggae,00006,1418.0744242587587,2880.799246867744,0.060822383538119196,151.99908088235293
reggae,00007,1754.1606228972603,3768.8688768321886,0.07391149562209752,151.99908088235293
reggae,00008,1691.8767688676492,3657.427884033959,0.06947274695239938,95.703125
reggae,00009,1609.6414580619628,3269.546896163893,0.06057597535313467,161.4990234375
reggae,00010,2149.7335607171062,4427.664893182808,0.10279038373161764,117.45383522727273
reggae,00011,1995.4523589459,4557.189109967589,0.07032270401993033,123.046875
reggae,00012,2300.0200859388265,4919.953583047117,0.1137952302631579,129.19921875
reggae,00013,1606.6095162270765,3432.7792424535605,0.07054114563177244,123.046875
reggae,00014,1716.1500930056645,3791.177075270898,0.06411563648897059,129.19921875
reggae,00015,1923.622473447671,4493.381162472185,0.06821916420762383,129.19921875
reggae,00016,2118.449263410443,4852.478991056743,0.07927087364551083,143.5546875
reggae,00017,1803.4680874823641,3777.1604933605845,0.07796513702109133,129.19921875
reggae,00018,1907.3629374702616,4220.3244802752515,0.07739862495162539,151.99908088235293
reggae,00019,1754.4072424636659,3841.726769603812,0.07129926651993033,143.5546875
reggae,00020,1638.1501023868977,3596.3115869291796,0.05678045786571207,129.19921875
reggae,00021,2007.3974278541884,4324.648849440064,0.09286754123935759,151.99908088235293
reggae,00022,2059.31021775458,4552.830802988342,0.0723423441128096,151.99908088235293
reggae,00023,2354.2754073117244,5048.444472746953,0.1202902779121517,129.19921875
reggae,00024,1811.1950097847075,3854.160027754934,0.0721775680872678,135.99917763157896
reggae,00025,1709.0841356343005,3583.1366665961204,0.07374974300986842,123.046875
reggae,00026,1840.7562492475943,4007.0091034974844,0.07455850607101393,135.99917763157896
reggae,00027,2086.4797949154345,4678.546709468121,0.08737815644349846,135.99917763157896
reggae,00028,1640.0372022522172,3494.787200833253,0.06783783620356038,151.99908088235293
reggae,00029,1585.5486832116414,3736.2607406757934,0.04367887420181889,151.99908088235293
reggae,00030,1814.0334829762835,4067.9337350945725,0.07047840980553406,151.99908088235293
reggae,00031,1579.0217040997654,3540.9869214698624,0.05862247242647059,161.4990234375
reggae,00032,1510.7358553634444,3318.9799305824304,0.0658639252370356,151.99908088235293
reggae,00033,1615.8882791758622,3560.10347254136,0.059147790489551086,117.45383522727273
reggae,00034,1291.4522139033752,2827.3829032023996,0.04461386476876935,184.5703125
reggae,00035,1699.7201916827823,3787.1854327411475,0.061317467468072755,107.666015625
reggae,00036,1811.515650259882,4119.275091307082,0.05923924874226006,86.1328125
reggae,00037,1709.74207056285,3837.701793942289,0.06328759916795666,151.99908088235293
reggae,00038,1701.0431310262657,3693.7193312512095,0.0655547812258127,95.703125
reggae,00039,1312.6088228325912,2648.367319018479,0.02594957853618421,151.99908088235293
reggae,00040,2031.817021348874,3837.8267931864357,0.10104549632352941,92.28515625
reggae,00041,1931.3471559202042,4123.125068026799,0.05904763992356811,143.5546875
reggae,00042,2480.62632212987,5048.944469723539,0.10571062306501548,123.046875
reggae,00043,1484.6690470658905,2775.1415524320337,0.07602637323432662,151.99908088235293
reggae,00044,2454.135359903637,5582.10791242381,0.08757694586880804,172.265625
reggae,00045,4283.120844496663,7926.402070131096,0.22392041469136997,161.4990234375
reggae,00046,2322.2333504054236,5228.010053605118,0.08097759046052631,172.265625
reggae,00047,2477.7303122354574,4759.437886996904,0.1149788965750774,143.5546875
reggae,00048,2672.921105403502,5607.424426004983,0.11121021188080496,89.10290948275862
reggae,00049,2322.8624317993585,5451.950366135352,0.08073911873548761,95.703125
reggae,00050,2955.7447144920498,5870.956165797939,0.12710883078560373,95.703125
reggae,00051,4275.546425541131,7675.5869201093265,0.27482940390383126,129.19921875
reggae,00052,3288.301009767455,7285.255947053986,0.13413826673761609,99.38401442307692
reggae,00053,2003.44892354766,4157.499860167134,0.08977950246710527,151.99908088235293
reggae,00054,2541.982713153291,5475.600223127903,0.10153566720684984,151.99908088235293
reggae,00055,2525.8532012057144,5595.916162260546,0.0822270160119969,129.19921875
reggae,00056,2174.136637252107,4659.955155222039,0.08318468217879257,151.99908088235293
reggae,00057,2170.2378140258934,4774.862793724604,0.07889861588138544,95.703125
reggae,00058,2631.7438021010457,5699.682201468169,0.11201028262867647,123.046875
reggae,00059,2671.8536452831067,5700.265531274187,0.11742559379837461,151.99908088235293
reggae,00060,2395.7448509551964,4792.4626873004545,0.11853254099748452,112.34714673913044
reggae,00061,3122.9228703291483,6473.510855565499,0.1335615506482198,92.28515625
reggae,00062,2113.2343870431164,4785.504396042957,0.06088285180437306,151.99908088235293
reggae,00063,1910.489131013036,3939.776176712461,0.0833796923374613,92.28515625
reggae,00064,3094.0162625475964,6973.591164981618,0.10088072029798761,172.265625
reggae,00065,2080.89726930936,4366.256931175019,0.08281998294794891,89.10290948275862
reggae,00066,1629.1886760787374,3258.8302942990517,0.06711183908184984,161.4990234375
reggae,00067,1728.687604288355,3518.737056011755,0.06049774453366873,161.4990234375
reggae,00068,2104.860423015428,4381.448505980312,0.07786158511513158,135.99917763157896
reggae,00069,2461.2194688387517,5287.743025741341,0.08041447973103716,143.5546875
reggae,00070,2288.7427180439972,5006.2863943377515,0.06099963114357585,172.265625
reggae,00071,3109.7296378372002,6392.36134626548,0.12166630889609133,143.5546875
reggae,00072,3086.0924582878615,6572.085259499565,0.13607514089106038,112.34714673913044
reggae,00073,2152.9288558410944,5073.019324146188,0.05106696255804954,172.265625
reggae,00074,2148.281991114667,5063.761046796391,0.051022745138351394,172.265625
reggae,00075,2481.0985022188574,4846.312361678841,0.13506002987132354,143.5546875
reggae,00076,2455.989277268634,5054.369436919505,0.08827233093072756,161.4990234375
reggae,00077,1778.2047162341557,3821.63522442797,0.06091951069078947,143.5546875
reggae,00078,2317.4359712443643,4680.58003050624,0.09380782277960527,161.4990234375
reggae,00079,3002.8517043895395,5293.851322138642,0.18643386888061145,151.99908088235293
reggae,00080,2538.855931516312,5260.418190970879,0.09431537828947369,99.38401442307692
reggae,00081,2567.5510581250232,5315.434524961301,0.0994389300744969,99.38401442307692
reggae,00082,2567.5510581250232,5315.434524961301,0.0994389300744969,99.38401442307692
reggae,00083,1366.0684937020758,2562.301172782024,0.07119609254063468,129.19921875
reggae,00084,1788.4529100824811,3820.0602339517222,0.07602221604102168,99.38401442307692
reggae,00085,1797.010172077635,3439.6125344669117,0.09941020764802631,86.1328125
reggae,00086,4434.439444257259,7624.028898540296,0.2602225383368808,129.19921875
reggae,00087,3296.454457258202,6909.191554397253,0.1218802153879644,83.35433467741936
reggae,00088,3881.4552348646807,8250.425110808097,0.18931631554760062,107.666015625
reggae,00089,1051.8322829954948,2054.387577399381,0.03803831874032508,151.99908088235293
reggae,00090,2867.880409638574,5796.2982839106035,0.13065151533475233,151.99908088235293
reggae,00091,2314.4104431755973,4561.055753253193,0.12388965146091331,143.5546875
reggae,00092,2170.828526422922,4307.148955259529,0.12004009046052631,143.5546875
reggae,00093,2108.9699231742775,4605.280485832285,0.08934072961010062,89.10290948275862
reggae,00094,2022.4366482870232,3834.226814955012,0.09566646611358359,129.19921875
reggae,00095,2617.4669176216034,5720.240410488826,0.10321517330205109,123.046875
reggae,00096,1629.10544520091,3182.9224199702494,0.07962990397639319,89.10290948275862
reggae,00097,2007.1562085743892,4137.2499826153735,0.09403079951141641,161.4990234375
reggae,00098,2025.2749430362633,4460.9146921258225,0.06482538276412539,123.046875
reggae,00099,2466.252405299212,4722.754775481328,0.13958721338041796,117.45383522727273
rock,00000,1995.8824515346018,4227.074439459172,0.09019522179760062,123.046875
rock,00001,1529.3454638808878,3271.6635500314437,0.054981526944659444,151.99908088235293
rock,00002,1874.8616424229356,3929.959569405476,0.0767569054760062,107.666015625
rock,00003,1421.568971326569,3042.739934301229,0.04309724506578947,95.703125
rock,00004,1345.8507628588268,2939.265559996614,0.04109914679276316,103.359375
rock,00005,1542.2059103732593,2870.199310964106,0.07701994243421052,99.38401442307692
rock,00006,1675.4753693024018,3253.5636594790053,0.0872942567240712,112.34714673913044
rock,00007,1282.1962921626962,2675.8171530330883,0.04718867913119195,89.10290948275862
rock,00008,1717.3122050786494,3362.7213327508225,0.0849809676131966,123.046875
rock,00009,1181.5423696879968,2367.9523479827785,0.04254093701625387,151.99908088235293
rock,00010,1857.8631159463744,4191.541320989744,0.07170251427051083,161.4990234375
rock,00011,1537.1133689612948,3415.39601423423,0.05433413856907895,117.45383522727273
rock,00012,1863.0125073905056,3985.075902791215,0.06819006385448917,112.34714673913044
rock,00013,1596.4802602805926,3822.9935495476975,0.046099872411958204,123.046875
rock,00014,1935.576765383311,3983.1509144313563,0.08359435468266253,117.45383522727273
rock,00015,2336.1479772164425,4501.45611364406,0.11420150142705109,135.99917763157896
rock,00016,2459.3715534268367,5024.161286250725,0.1428422957381966,143.5546875
rock,00017,2312.030070177393,4528.197618608504,0.14058758526025542,123.046875
rock,00018,2209.5799723084824,4594.563883967444,0.11580542218943499,117.45383522727273
rock,00019,2321.1857333280727,4702.063233933582,0.12819952713815788,123.046875
rock,00020,2188.376104647443,4433.073193812887,0.11758961397058823,99.38401442307692
rock,00021,2157.8227760471577,4244.324335151413,0.12160357306985294,129.19921875
rock,00022,2342.3049101840897,4594.5055509868425,0.13848895849458204,99.38401442307692
rock,00023,2295.6213076856534,4849.73734096846,0.11561872641737617,151.99908088235293
rock,00024,2320.6158169495243,4467.031321806066,0.1434492459607198,151.99908088235293
rock,00025,2510.520442131145,4735.604697779605,0.15789020172213622,103.359375
rock,00026,2263.527552939435,4603.730495204866,0.1229387879740712,112.34714673913044
rock,00027,2669.22560161555,5445.858736303938,0.13342209570917182,151.99908088235293
rock,00028,2047.00762584051,4095.9335657834267,0.101985399937113,135.99917763157896
rock,00029,2444.529063348711,5172.36039011102,0.11148874383223684,123.046875
rock,00030,2944.9658884572864,6334.595028903831,0.11496000024187307,117.45383522727273
rock,00031,2638.9722911556505,5302.242938062355,0.13247236600232198,117.45383522727273
rock,00032,2345.9076015660726,4735.838029702012,0.1154928768382353,92.28515625
rock,00033,1673.2883635225883,3429.595928369292,0.07488654641544118,117.45383522727273
rock,00034,2789.7121443332207,5836.164709510449,0.13500787599167957,135.99917763157896
rock,00035,1867.2358382056384,4270.982507286426,0.05698831753095975,129.19921875
rock,00036,2841.898915756515,5885.356078723636,0.14617523098877708,135.99917763157896
rock,00037,2626.9924902936864,5047.852809657991,0.14631922104779413,129.19921875
rock,00038,2794.957193727644,5862.41455078125,0.14055017052051083,135.99917763157896
rock,00039,2559.22662390471,5447.258727838381,0.12278761730843653,143.5546875
rock,00040,3009.8618165130506,6130.754594832382,0.14474440063854488,112.34714673913044
rock,00041,2807.3209201123855,5678.49899622678,0.14837174076044893,117.45383522727273
rock,00042,2794.3781578469916,5877.581125737713,0.13764807166698917,161.4990234375
rock,00043,2740.0462984930778,5327.184453911087,0.1440289854634288,89.10290948275862
rock,00044,1651.9334198621627,3456.3457666166796,0.06892966633610681,92.28515625
rock,00045,1561.0956916134662,3242.7387249359035,0.0789651309742647,151.99908088235293
rock,00046,2428.4776526659425,5034.036226538313,0.11816519627999227,103.359375
rock,00047,2998.5276150880727,5963.363940354102,0.15630366558630032,107.666015625
rock,00048,1646.2316041633533,3183.855747659878,0.0852647905379257,129.19921875
rock,00049,2077.4433099158423,4495.139485173181,0.09130519241002322,112.34714673913044
rock,00050,1720.5551578360596,3810.018628005273,0.053289549269543345,123.046875
rock,00051,3030.398970223318,6731.700960991921,0.12080841536861456,89.10290948275862
rock,00052,2187.225615117365,4463.7146751947075,0.08860566224845201,129.19921875
rock,00053,3361.716880456928,6920.499819351055,0.18757331777283281,117.45383522727273
rock,00054,2632.695048067194,5310.709553532556,0.13243306162925697,107.666015625
rock,00055,1711.1863903314845,3614.6114762722523,0.06657442736551858,129.19921875
rock,00056,3303.8778653177424,6719.401035367889,0.17756393007449692,135.99917763157896
rock,00057,3489.009116645396,7660.553677679954,0.1751028716379644,123.046875
rock,00058,2437.399428833472,5497.725089341863,0.09894309029121517,123.046875
rock,00059,2424.5774171541007,5644.765866873065,0.0865675037490325,117.45383522727273
rock,00060,2797.268925299499,6205.320810607343,0.13467605638061145,89.10290948275862
rock,00061,2072.2209820211265,4688.438316321594,0.06909104102167182,123.046875
rock,00062,2947.489724436587,6983.766103455157,0.10857001620549536,123.046875
rock,00063,1711.4228283155928,3492.6038807021573,0.0558345074255031,123.046875
rock,00064,2181.6143605786892,4690.929967921585,0.10637615192047213,151.99908088235293
rock,00065,2294.252373674488,4730.329729676616,0.12912129027186534,123.046875
rock,00066,2209.3575882230853,4575.588998705979,0.10714712231520898,151.99908088235293
rock,00067,2413.9747455361326,5212.18514929615,0.11991915392801858,103.359375
rock,00068,2467.0073181920316,5402.45066545327,0.11828008598587461,123.046875
rock,00069,2569.0784766734578,5365.900886464783,0.13768964360003869,172.265625
rock,00070,2512.0078415527223,5130.377310643624,0.13914088199013158,112.34714673913044
rock,00071,2025.0451574970957,4571.205691877903,0.09080821884674922,112.34714673913044
rock,00072,1933.5184762777128,4359.906969572368,0.08172853074206657,103.359375
rock,00073,2224.2959453185513,4918.4952585320725,0.11005866933533281,95.703125
rock,00074,2140.7019828419984,4832.3291129003,0.09116309198432662,112.34714673913044
rock,00075,2301.761135294892,5092.235874613003,0.11154543283184984,117.45383522727273
rock,00076,1659.791402393544,3580.7616809573337,0.0712066744872291,95.703125
rock,00077,2188.2651299372365,4994.269800333785,0.10627675720781733,107.666015625
rock,00078,1878.7403188782705,4287.182409327835,0.07173048084365326,99.38401442307692
rock,00079,2148.4742492052446,4479.464579957188,0.1091164981617647,123.046875
rock,00080,2606.24873808149,5339.309380593315,0.1496808787248452,117.45383522727273
rock,00081,2553.8567062031075,5123.75235070385,0.13617340182372292,117.45383522727273
rock,00082,2975.9768698566195,5926.697495404412,0.1837358504256966,99.38401442307692
rock,00083,2116.115588337126,4689.696642046004,0.09280102614647832,123.046875
rock,00084,2581.7726819463937,5391.075734235923,0.13921608939628483,129.19921875
rock,00085,2255.932639256656,4509.114400668779,0.12098982016737617,95.703125
rock,00086,2521.4721773946335,4830.5541236334175,0.14632451202109134,129.19921875
rock,00087,2334.7236756161224,4819.854188334462,0.12858085514222137,129.19921875
rock,00088,2591.1117360246217,4889.862098339541,0.16178095672890866,92.28515625
rock,00089,1610.2781016860347,3381.4878859387095,0.0732932075996517,107.666015625
rock,00090,2495.737422656684,5213.168476683437,0.1206425055630805,123.046875
rock,00091,2474.4622557207017,4754.529583343411,0.15018352118808048,143.5546875
rock,00092,2471.235787444073,4687.104991050696,0.15094504341621517,129.19921875
rock,00093,1939.94610243783,3749.16066267173,0.09836637420181889,103.359375
rock,00094,2629.346944008672,5086.735907870549,0.14670470624516255,112.34714673913044
rock,00095,2008.581131881371,4254.215942004886,0.08926665598393962,103.359375
rock,00096,2006.0511639353163,4147.374921391254,0.0976588954866486,117.45383522727273
rock,00097,2077.190360945626,4030.767293168295,0.12182428224167957,129.19921875
rock,00098,1398.6723575172969,3014.7401036123742,0.04873137577399381,112.34714673913044
rock,00099,1609.4429191769846,3246.280370186726,0.07628978811919504,123.046875